drugbank_id	drugbank_name	CrGrBP_path_count	CrGrBP_DWPC	CbGiGpBP_path_count	CbGiGpBP_DWPC
DB00773	Etoposide	14	0.0163	1	5.06e-06
DB01045	Rifampicin	1	0.01623	1	4.326e-06
DB00631	Clofarabine	14	0.01417	0	0
DB01254	Dasatinib	17	0.01394	37	0.0005236
DB00602	Ivermectin	18	0.01385	0	0
DB01177	Idarubicin	20	0.01369	0	0
DB08912	Dabrafenib	20	0.01349	1	3.426e-06
DB00857	Terbinafine	8	0.01299	0	0
DB01273	Varenicline	12	0.01273	0	0
DB00367	Levonorgestrel	12	0.01268	9	2.776e-05
DB00170	Menadione	17	0.01262	2	3.005e-05
DB00091	Cyclosporine	21	0.01248	2	3.344e-05
DB01034	Cerulenin	20	0.01236	0	0
DB00947	Fulvestrant	21	0.01204	7	1.713e-05
DB08865	Crizotinib	16	0.01158	33	0.0003937
DB01030	Topotecan	20	0.01149	0	0
DB04868	Nilotinib	8	0.01149	18	0.0003403
DB00481	Raloxifene	19	0.01148	8	0.0001769
DB01188	Ciclopirox	12	0.01136	3	0.0001701
DB00444	Teniposide	17	0.01123	0	0
DB00903	Ethacrynic acid	9	0.01102	3	7.608e-05
DB00398	Sorafenib	15	0.01037	12	0.0004606
DB01590	Everolimus	12	0.01025	2	3.123e-05
DB00296	Ropivacaine	3	0.009991	0	0
DB08881	Vemurafenib	11	0.009943	1	4.273e-06
DB00679	Thioridazine	18	0.009744	3	0.0001294
DB06803	Niclosamide	17	0.009639	4	0.0003382
DB01268	Sunitinib	6	0.009595	37	0.00051
DB00570	Vinblastine	13	0.009516	6	0.0001514
DB01202	Levetiracetam	1	0.009371	0	0
DB00196	Fluconazole	2	0.009334	0	0
DB01103	Quinacrine	9	0.009189	0	0
DB00441	Gemcitabine	16	0.009031	0	0
DB00539	Toremifene	9	0.008818	6	1.476e-05
DB00305	Mitomycin	14	0.008809	0	0
DB08911	Trametinib	9	0.008755	0	0
DB00641	Simvastatin	13	0.008746	2	0.0001465
DB00585	Nizatidine	7	0.008741	0	0
DB00613	Amodiaquine	8	0.008736	0	0
DB00426	Famciclovir	3	0.008658	0	0
DB01095	Fluvastatin	10	0.008575	0	0
DB06710	Methyltestosterone	6	0.008378	3	1.43e-05
DB00322	Floxuridine	7	0.008164	0	0
DB01179	Podofilox	11	0.008126	3	3.965e-05
DB00443	Betamethasone	8	0.008102	2	1.482e-05
DB01234	Dexamethasone	8	0.008102	3	1.149e-05
DB04573	Estriol	6	0.008059	7	1.876e-05
DB00997	Doxorubicin	14	0.007987	9	0.000148
DB00445	Epirubicin	14	0.007987	6	9.688e-05
DB00694	Daunorubicin	14	0.007708	4	4.667e-05
DB00987	Cytarabine	9	0.007579	0	0
DB00643	Mebendazole	12	0.007352	2	0.0001188
DB00206	Reserpine	8	0.007218	0	0
DB04865	Homoharringtonine	9	0.007204	2	0.0002137
DB00242	Cladribine	8	0.007176	0	0
DB00810	Biperiden	7	0.007154	0	0
DB08860	Pitavastatin	11	0.007152	0	0
DB00668	Epinephrine	2	0.007033	0	0
DB00762	Irinotecan	13	0.006983	0	0
DB01204	Mitoxantrone	13	0.006913	1	6.651e-06
DB01084	Emedastine	1	0.006897	0	0
DB00882	Clomifene	8	0.006868	7	1.589e-05
DB00730	Thiabendazole	2	0.006801	0	0
DB01229	Paclitaxel	10	0.006768	2	3.949e-05
DB00563	Methotrexate	9	0.006754	0	0
DB00928	Azacitidine	12	0.006751	1	1.116e-05
DB08901	Ponatinib	7	0.006725	12	0.0002031
DB00905	Bimatoprost	1	0.006713	0	0
DB00654	Latanoprost	1	0.006713	0	0
DB01024	Mycophenolic acid	12	0.006674	1	1.213e-05
DB06698	Betahistine	1	0.006543	0	0
DB00467	Enoxacin	1	0.006502	0	0
DB00188	Bortezomib	13	0.006451	2	5.223e-05
DB08974	Flubendazole	5	0.00644	0	0
DB00968	Methyldopa	6	0.00641	0	0
DB00635	Prednisone	1	0.006385	2	1.584e-05
DB00866	Alprenolol	4	0.006321	0	0
DB01243	Chloroxine	7	0.006264	0	0
DB00397	Phenylpropanolamine	2	0.006192	1	9.091e-05
DB01074	Perhexiline	11	0.006179	0	0
DB02546	Vorinostat	10	0.006169	9	0.0002965
DB00291	Chlorambucil	4	0.006061	0	0
DB08866	Estradiol valerate/Dienogest	4	0.006053	0	0
DB09020	Bisacodyl	9	0.006011	0	0
DB00782	Propantheline	1	0.005973	0	0
DB00831	Trifluoperazine	4	0.005947	6	0.000131
DB00309	Vindesine	5	0.005869	0	0
DB01039	Fenofibrate	1	0.005852	0	0
DB00784	Mefenamic acid	1	0.005794	0	0
DB00822	Disulfiram	7	0.005791	1	9.005e-06
DB00715	Paroxetine	8	0.005627	1	5.663e-05
DB01248	Docetaxel	5	0.005624	2	3.949e-05
DB00630	Alendronate	1	0.00558	0	0
DB00867	Ritodrine	1	0.00558	0	0
DB00541	Vincristine	7	0.0055	1	1.127e-05
DB00758	Clopidogrel	4	0.005483	0	0
DB00854	Levorphanol	4	0.005445	0	0
DB00717	Norethindrone	6	0.005427	0	0
DB00970	Dactinomycin	11	0.005405	0	0
DB00530	Erlotinib	7	0.005403	7	0.0001975
DB00374	Treprostinil	5	0.005388	0	0
DB09019	Bromhexine	1	0.005342	0	0
DB00215	Citalopram	1	0.005342	2	9.211e-05
DB01175	Escitalopram	1	0.005342	1	0.000102
DB00227	Lovastatin	7	0.005236	0	0
DB00432	Trifluridine	3	0.00513	0	0
DB00317	Gefitinib	6	0.005093	5	0.000214
DB01008	Busulfan	5	0.005079	0	0
DB08604	Triclosan	5	0.005042	0	0
DB00938	Salmeterol	3	0.005034	0	0
DB00806	Pentoxifylline	1	0.005018	0	0
DB06589	Pazopanib	4	0.004939	8	0.0002549
DB00250	Dapsone	1	0.004928	1	5.895e-06
DB00939	Meclofenamic acid	1	0.004928	0	0
DB00793	Haloprogin	2	0.004895	0	0
DB01407	Clenbuterol	1	0.004877	0	0
DB00688	Mycophenolate mofetil	6	0.004849	1	7.175e-06
DB08916	Afatinib	10	0.004844	7	0.0001138
DB01436	Alfacalcidol	2	0.004682	0	0
DB00518	Albendazole	6	0.004631	2	0.0001084
DB01194	Brinzolamide	1	0.004626	0	0
DB00433	Prochlorperazine	1	0.004626	2	0.0002501
DB00461	Nabumetone	1	0.004556	0	0
DB00783	Estradiol	5	0.00455	10	1.373e-05
DB00553	Methoxsalen	2	0.004528	0	0
DB00370	Mirtazapine	1	0.004515	4	0.0002852
DB00319	Piperacillin	1	0.004515	0	0
DB00733	Pralidoxime	1	0.004515	0	0
DB00446	Chloramphenicol	2	0.004514	0	0
DB04844	Tetrabenazine	1	0.004502	0	0
DB01394	Colchicine	5	0.00449	1	6.651e-06
DB00205	Pyrimethamine	4	0.004432	0	0
DB00547	Desoximetasone	3	0.004398	2	4.192e-05
DB00575	Clonidine	1	0.004338	0	0
DB01203	Nadolol	1	0.004268	0	0
DB00363	Clozapine	1	0.004138	4	0.000141
DB00950	Fexofenadine	1	0.004138	0	0
DB00408	Loxapine	1	0.004097	3	0.0001558
DB00850	Perphenazine	3	0.004086	6	0.000131
DB00415	Ampicillin	1	0.004038	0	0
DB01119	Diazoxide	2	0.004021	4	0.000107
DB01222	Budesonide	3	0.004018	2	2.964e-05
DB00472	Fluoxetine	1	0.003945	2	0.0001399
DB01065	Melatonin	1	0.003937	11	0.0001883
DB00477	Chlorpromazine	4	0.003931	9	0.0002622
DB00655	Estrone	1	0.003817	8	1.509e-05
DB01195	Flecainide	1	0.003777	0	0
DB00555	Lamotrigine	1	0.003777	0	0
DB00989	Rivastigmine	1	0.003777	0	0
DB01396	Digitoxin	5	0.003722	3	6.43e-05
DB00934	Maprotiline	3	0.003698	2	0.0001355
DB01104	Sertraline	3	0.003692	1	7.564e-05
DB00436	Bendroflumethiazide	1	0.003686	0	0
DB00332	Ipratropium bromide	2	0.003645	0	0
DB00738	Pentamidine	4	0.003623	1	7.328e-05
DB00675	Tamoxifen	4	0.003617	10	2.417e-05
DB08995	Diosmin	1	0.003588	0	0
DB06155	Rimonabant	1	0.003588	0	0
DB00361	Vinorelbine	5	0.003567	0	0
DB01041	Thalidomide	1	0.003542	2	1.877e-05
DB01211	Clarithromycin	2	0.003526	0	0
DB00995	Auranofin	2	0.003523	3	5.569e-05
DB00482	Celecoxib	1	0.003497	9	0.0002325
DB00629	Guanabenz	1	0.003497	0	0
DB00961	Mepivacaine	1	0.003497	0	0
DB06711	Naphazoline	1	0.003497	0	0
DB01138	Sulfinpyrazone	1	0.003497	0	0
DB00787	Aciclovir	3	0.003403	0	0
DB00409	Remoxipride	2	0.003367	2	0.000228
DB00249	Idoxuridine	1	0.003356	0	0
DB01241	Gemfibrozil	1	0.003313	0	0
DB00621	Oxandrolone	1	0.003251	3	4.046e-05
DB02300	Calcipotriol	3	0.003237	0	0
DB01580	Oxprenolol	1	0.003193	0	0
DB01366	Procaterol	3	0.003092	0	0
DB01051	Novobiocin	1	0.003084	0	0
DB01253	Ergonovine	1	0.003084	1	0.0001443
DB01058	Praziquantel	1	0.003018	0	0
DB01199	Tubocurarine	1	0.003014	0	0
DB01210	Levobunolol	1	0.003002	0	0
DB00336	Nitrofural	2	0.002984	0	0
DB00864	Tacrolimus	2	0.002959	3	5.991e-05
DB04843	Mepenzolate	1	0.002956	0	0
DB00933	Mesoridazine	1	0.002926	3	0.0002786
DB00954	Dirithromycin	1	0.002908	0	0
DB00657	Mecamylamine	1	0.002856	0	0
DB00853	Temozolomide	1	0.002845	0	0
DB00353	Methylergometrine	2	0.002839	3	0.0004107
DB01623	Thiothixene	3	0.002829	2	0.0001564
DB01178	Chlormezanone	1	0.002825	0	0
DB01047	Fluocinonide	2	0.002823	2	2.42e-05
DB00671	Cefixime	2	0.002822	0	0
DB00411	Carbachol	1	0.00279	0	0
DB00389	Carbimazole	1	0.002765	0	0
DB01406	Danazol	4	0.002687	9	2.597e-05
DB00224	Indinavir	1	0.002663	0	0
DB00550	Propylthiouracil	1	0.002584	0	0
DB00877	Sirolimus	5	0.002578	2	1.631e-05
DB00427	Triprolidine	1	0.002561	0	0
DB06804	Nonoxynol-9	3	0.002556	0	0
DB00748	Carbinoxamine	1	0.002549	1	7.798e-06
DB01092	Ouabain	5	0.002533	3	5.671e-05
DB06616	Bosutinib	2	0.002532	47	0.0004957
DB00253	Medrysone	2	0.002527	2	2.964e-05
DB00591	Fluocinolone Acetonide	2	0.002526	2	2.42e-05
DB00417	Penicillin V	2	0.00249	0	0
DB01083	Orlistat	1	0.00243	0	0
DB06151	Acetylcysteine	1	0.002413	5	7.691e-05
DB04839	Cyproterone acetate	1	0.002413	5	4.756e-05
DB00584	Enalapril	1	0.002399	0	0
DB01171	Moclobemide	2	0.002389	1	0.0001113
DB00780	Phenelzine	1	0.002367	2	7.879e-05
DB00392	Ethopropazine	1	0.002343	0	0
DB04572	Thiotepa	1	0.002333	0	0
DB06287	Temsirolimus	4	0.00232	2	1.912e-05
DB01076	Atorvastatin	1	0.002302	1	1.782e-05
DB01197	Captopril	1	0.002278	2	2.643e-05
DB00623	Fluphenazine	1	0.002278	8	0.0002404
DB00640	Adenosine	1	0.002257	1	3.3e-05
DB00194	Vidarabine	1	0.002257	1	4.365e-05
DB00465	Ketorolac	1	0.002204	0	0
DB00860	Prednisolone	1	0.002131	2	1.584e-05
DB04942	Tamibarotene	1	0.002131	1	3.58e-05
DB00600	Monobenzone	1	0.002128	0	0
DB00293	Raltitrexed	1	0.002128	0	0
DB00130	L-Glutamine	1	0.002123	0	0
DB01013	Clobetasol propionate	2	0.002085	2	2.42e-05
DB01200	Bromocriptine	1	0.002079	4	0.0002973
DB00561	Doxapram	1	0.002054	0	0
DB01261	Sitagliptin	1	0.002007	1	4.365e-05
DB00180	Flunisolide	2	0.001997	2	2.42e-05
DB00508	Triflupromazine	2	0.001945	1	0.0002059
DB01113	Papaverine	1	0.001929	0	0
DB00193	Tramadol	1	0.001929	1	9.726e-05
DB00390	Digoxin	3	0.001866	4	4.57e-05
DB00190	Carbidopa	1	0.00182	0	0
DB00704	Naltrexone	1	0.001811	0	0
DB00540	Nortriptyline	1	0.001797	3	0.0001106
DB01099	Flucytosine	1	0.001763	1	1.933e-05
DB00588	Fluticasone Propionate	2	0.001749	2	1.397e-05
DB00420	Promazine	1	0.001707	2	0.0001243
DB00923	Ceforanide	1	0.001689	0	0
DB00999	Hydrochlorothiazide	1	0.001653	0	0
DB00925	Phenoxybenzamine	1	0.001649	4	1.558e-05
DB01130	Prednicarbate	1	0.001649	2	4.192e-05
DB00836	Loperamide	1	0.001649	4	1.617e-05
DB01100	Pimozide	1	0.001623	7	0.0001332
DB04842	Fluspirilene	1	0.001599	2	0.0002416
DB01246	Alimemazine	1	0.001587	0	0
DB00960	Pindolol	1	0.001567	0	0
DB00394	Beclomethasone	1	0.001537	2	2.42e-05
DB00741	Hydrocortisone	1	0.001507	2	1.163e-05
DB00401	Nisoldipine	1	0.001505	0	0
DB00404	Alprazolam	1	0.001452	0	0
DB00288	Amcinonide	1	0.001452	2	2.964e-05
DB00412	Rosiglitazone	1	0.001386	1	9.532e-06
DB00855	Aminolevulinic acid	1	0.00138	0	0
DB01014	Balsalazide	1	0.00138	1	1.581e-05
DB00381	Amlodipine	1	0.001364	0	0
DB00229	Cefotiam	1	0.00135	0	0
DB01098	Rosuvastatin	1	0.001318	0	0
DB01044	Gatifloxacin	1	0.001287	0	0
DB00834	Mifepristone	1	0.001229	5	2.605e-05
DB00324	Fluorometholone	1	0.001215	2	2.42e-05
DB00523	Alitretinoin	2	0.001193	2	4.425e-05
DB00982	Isotretinoin	2	0.001193	2	5.713e-05
DB00755	Tretinoin	2	0.001193	2	2.856e-05
DB00434	Cyproheptadine	1	0.001187	3	0.0003137
DB01115	Nifedipine	1	0.001129	6	0.0001027
DB00990	Exemestane	1	0.001098	0	0
DB00154	Dihomo-gamma-linolenic acid	1	0.001079	0	0
DB01420	Testosterone Propionate	1	0.001066	3	2.023e-05
DB00244	Mesalazine	1	0.00105	4	4.841e-05
DB00162	Vitamin A	1	0.001035	1	4.077e-05
DB00624	Testosterone	1	0.001018	4	6.027e-05
DB00620	Triamcinolone	1	0.0009839	2	1.875e-05
DB01053	Benzylpenicillin	1	0.0009728	0	0
DB00846	Flurandrenolide	1	0.0009318	2	2.964e-05
DB00507	Nitazoxanide	1	0.0009314	0	0
DB00223	Diflorasone	1	0.0008994	2	4.192e-05
DB01048	Abacavir	0	0	0	0
DB05812	Abiraterone	0	0	0	0
DB00659	Acamprosate	0	0	2	4.906e-05
DB00284	Acarbose	0	0	0	0
DB01193	Acebutolol	0	0	0	0
DB01418	Acenocoumarol	0	0	1	4.372e-05
DB01614	Acepromazine	0	0	1	7.755e-05
DB01615	Aceprometazine	0	0	0	0
DB00316	Acetaminophen	0	0	1	4.599e-06
DB00819	Acetazolamide	0	0	0	0
DB03166	Acetic acid	0	0	0	0
DB00551	Acetohydroxamic Acid	0	0	0	0
DB01063	Acetophenazine	0	0	0	0
DB08842	Acetylcarnitine	0	0	0	0
DB00511	Acetyldigitoxin	0	0	4	7.579e-05
DB00945	Acetylsalicylic acid	0	0	9	0.0002089
DB00459	Acitretin	0	0	3	0.0001104
DB08897	Aclidinium	0	0	0	0
DB00210	Adapalene	0	0	2	5.713e-05
DB00718	Adefovir Dipivoxil	0	0	0	0
DB00173	Adenine	0	0	0	0
DB00131	Adenosine monophosphate	0	0	7	6.583e-05
DB00171	Adenosine triphosphate	0	0	14	0.0003346
DB00546	Adinazolam	0	0	0	0
DB06594	Agomelatine	0	0	2	0.0003541
DB01426	Ajmaline	0	0	0	0
DB06766	Alcaftadine	0	0	0	0
DB00240	Alclometasone	0	0	2	2.42e-05
DB00802	Alfentanil	0	0	0	0
DB00346	Alfuzosin	0	0	0	0
DB01425	Alizapride	0	0	0	0
DB00437	Allopurinol	0	0	0	0
DB01431	Allylestrenol	0	0	6	1.905e-05
DB01430	Almitrine	0	0	3	0.0001701
DB00918	Almotriptan	0	0	2	9.322e-05
DB06203	Alogliptin	0	0	1	5.041e-05
DB00969	Alosetron	0	0	1	9.864e-06
DB00132	Alpha-Linolenic Acid	0	0	1	0.0001228
DB00770	Alprostadil	0	0	0	0
DB00488	Altretamine	0	0	0	0
DB01370	Aluminium	0	0	3	0.0001203
DB06723	Aluminum hydroxide	0	0	0	0
DB01616	Alverine	0	0	0	0
DB06274	Alvimopan	0	0	0	0
DB00915	Amantadine	0	0	2	4.542e-05
DB01122	Ambenonium	0	0	0	0
DB08924	Amfecloral	0	0	0	0
DB01143	Amifostine	0	0	0	0
DB00479	Amikacin	0	0	0	0
DB00594	Amiloride	0	0	2	0.0002527
DB00513	Aminocaproic Acid	0	0	0	0
DB00357	Aminoglutethimide	0	0	0	0
DB00345	Aminohippurate	0	0	0	0
DB01424	Aminophenazone	0	0	0	0
DB01223	Aminophylline	0	0	1	7.352e-06
DB00233	Aminosalicylic Acid	0	0	0	0
DB01118	Amiodarone	0	0	0	0
DB06288	Amisulpride	0	0	3	0.0004934
DB00321	Amitriptyline	0	0	6	0.0003073
DB01025	Amlexanox	0	0	1	5.694e-05
DB06768	Ammonium lactate	0	0	0	0
DB01351	Amobarbital	0	0	0	0
DB00543	Amoxapine	0	0	4	0.0002973
DB01060	Amoxicillin	0	0	0	0
DB00182	Amphetamine	0	0	0	0
DB00681	Amphotericin B	0	0	0	0
DB00701	Amprenavir	0	0	0	0
DB01427	Amrinone	0	0	0	0
DB00276	Amsacrine	0	0	0	0
DB01612	Amyl Nitrite	0	0	0	0
DB00261	Anagrelide	0	0	0	0
DB01217	Anastrozole	0	0	0	0
DB00362	Anidulafungin	0	0	0	0
DB00913	Anileridine	0	0	0	0
DB01125	Anisindione	0	0	0	0
DB00517	Anisotropine Methylbromide	0	0	0	0
DB08799	Antazoline	0	0	0	0
DB01435	Antipyrine	0	0	1	5.895e-06
DB01419	Antrafenine	0	0	0	0
DB06605	Apixaban	0	0	0	0
DB00714	Apomorphine	0	0	4	0.0003458
DB00964	Apraclonidine	0	0	0	0
DB00673	Aprepitant	0	0	0	0
DB01429	Aprindine	0	0	4	2.38e-05
DB01352	Aprobarbital	0	0	0	0
DB06696	Arbekacin	0	0	0	0
DB01102	Arbutamine	0	0	0	0
DB00407	Ardeparin	0	0	0	0
DB01274	Arformoterol	0	0	0	0
DB00278	Argatroban	0	0	0	0
DB01238	Aripiprazole	0	0	4	0.0002376
DB01169	Arsenic trioxide	0	0	13	0.0001965
DB08928	Arsthinol	0	0	0	0
DB06697	Artemether	0	0	0	0
DB09009	Articaine	0	0	0	0
DB06216	Asenapine	0	0	4	0.0002744
DB00168	Aspartame	0	0	0	0
DB00637	Astemizole	0	0	0	0
DB01072	Atazanavir	0	0	0	0
DB00335	Atenolol	0	0	0	0
DB00289	Atomoxetine	0	0	2	0.0001564
DB01117	Atovaquone	0	0	0	0
DB00732	Atracurium	0	0	0	0
DB00572	Atropine	0	0	0	0
DB06237	Avanafil	0	0	0	0
DB07402	Azapropazone	0	0	0	0
DB00719	Azatadine	0	0	0	0
DB00993	Azathioprine	0	0	0	0
DB00548	Azelaic Acid	0	0	0	0
DB00972	Azelastine	0	0	1	5.514e-06
DB08795	Azidocillin	0	0	0	0
DB08822	Azilsartan medoxomil	0	0	0	0
DB00207	Azithromycin	0	0	0	0
DB01061	Azlocillin	0	0	0	0
DB00355	Aztreonam	0	0	0	0
DB01602	Bacampicillin	0	0	0	0
DB00626	Bacitracin	0	0	1	0.0001167
DB00181	Baclofen	0	0	0	0
DB01408	Bambuterol	0	0	0	0
DB08903	Bedaquiline	0	0	0	0
DB00542	Benazepril	0	0	0	0
DB00516	Bentoquatam	0	0	0	0
DB00245	Benzatropine	0	0	0	0
DB01086	Benzocaine	0	0	0	0
DB00868	Benzonatate	0	0	0	0
DB00865	Benzphetamine	0	0	0	0
DB00562	Benzthiazide	0	0	0	0
DB00676	Benzyl Benzoate	0	0	0	0
DB06770	Benzyl alcohol	0	0	1	7.798e-06
DB00895	Benzylpenicilloyl Polylysine	0	0	0	0
DB04890	Bepotastine	0	0	0	0
DB01244	Bepridil	0	0	7	5.71e-05
DB06771	Besifloxacin	0	0	0	0
DB00195	Betaxolol	0	0	0	0
DB00272	Betazole	0	0	0	0
DB01019	Bethanechol	0	0	0	0
DB00217	Bethanidine	0	0	0	0
DB01295	Bevantolol	0	0	0	0
DB00307	Bexarotene	0	0	1	3.994e-05
DB01393	Bezafibrate	0	0	1	1.118e-05
DB01128	Bicalutamide	0	0	3	1.809e-05
DB04794	Bifonazole	0	0	1	8.337e-06
DB00121	Biotin	0	0	5	0.0001137
DB01294	Bismuth Subsalicylate	0	0	0	0
DB00612	Bisoprolol	0	0	0	0
DB00290	Bleomycin	0	0	0	0
DB08873	Boceprevir	0	0	1	9.863e-05
DB08807	Bopindolol	0	0	0	0
DB00559	Bosentan	0	0	0	0
DB01158	Bretylium	0	0	3	0.0001203
DB00484	Brimonidine	0	0	0	0
DB01558	Bromazepam	0	0	1	4.599e-06
DB00963	Bromfenac	0	0	0	0
DB01237	Bromodiphenhydramine	0	0	0	0
DB09018	Bromopride	0	0	0	0
DB00835	Brompheniramine	0	0	1	5.895e-06
DB09017	Brotizolam	0	0	0	0
DB00354	Buclizine	0	0	0	0
DB00887	Bumetanide	0	0	0	0
DB00297	Bupivacaine	0	0	0	0
DB08808	Bupranolol	0	0	0	0
DB00921	Buprenorphine	0	0	0	0
DB01156	Bupropion	0	0	1	6.367e-06
DB00490	Buspirone	0	0	3	0.0003326
DB00237	Butabarbital	0	0	0	0
DB00241	Butalbital	0	0	0	0
DB01091	Butenafine	0	0	0	0
DB01353	Butethal	0	0	0	0
DB00639	Butoconazole	0	0	0	0
DB00611	Butorphanol	0	0	0	0
DB06772	Cabazitaxel	0	0	1	1.339e-05
DB00248	Cabergoline	0	0	4	0.0003111
DB00201	Caffeine	0	0	1	4.703e-06
DB00146	Calcidiol	0	0	0	0
DB00136	Calcitriol	0	0	0	0
DB00258	Calcium Acetate	0	0	0	0
DB01164	Calcium Chloride	0	0	0	0
DB00326	Calcium Gluceptate	0	0	0	0
DB01489	Camazepam	0	0	0	0
DB08907	Canagliflozin	0	0	0	0
DB00796	Candesartan	0	0	0	0
DB00616	Candoxatril	0	0	1	0.0001149
DB01101	Capecitabine	0	0	0	0
DB00314	Capreomycin	0	0	0	0
DB09014	Captodiame	0	0	2	0.0003821
DB00564	Carbamazepine	0	0	0	0
DB00578	Carbenicillin	0	0	0	0
DB01282	Carbetocin	0	0	0	0
DB00958	Carboplatin	0	0	1	4.867e-05
DB00429	Carboprost Tromethamine	0	0	0	0
DB08889	Carfilzomib	0	0	1	2.206e-05
DB06775	Carglumic Acid	0	0	0	0
DB00395	Carisoprodol	0	0	0	0
DB00262	Carmustine	0	0	0	0
DB00821	Carprofen	0	0	0	0
DB00521	Carteolol	0	0	0	0
DB01136	Carvedilol	0	0	2	3.212e-05
DB00520	Caspofungin	0	0	0	0
DB01414	Cefacetrile	0	0	0	0
DB00833	Cefaclor	0	0	0	0
DB01140	Cefadroxil	0	0	0	0
DB00456	Cefalotin	0	0	0	0
DB01326	Cefamandole	0	0	0	0
DB01139	Cefapirin	0	0	0	0
DB01327	Cefazolin	0	0	1	0.0002137
DB00535	Cefdinir	0	0	0	0
DB01066	Cefditoren	0	0	0	0
DB01413	Cefepime	0	0	0	0
DB00267	Cefmenoxime	0	0	0	0
DB00274	Cefmetazole	0	0	0	0
DB01328	Cefonicid	0	0	0	0
DB01329	Cefoperazone	0	0	0	0
DB00493	Cefotaxime	0	0	0	0
DB01330	Cefotetan	0	0	0	0
DB01331	Cefoxitin	0	0	0	0
DB00430	Cefpiramide	0	0	0	0
DB01416	Cefpodoxime	0	0	0	0
DB01150	Cefprozil	0	0	0	0
DB01333	Cefradine	0	0	0	0
DB06590	Ceftaroline fosamil	0	0	0	0
DB00438	Ceftazidime	0	0	0	0
DB01415	Ceftibuten	0	0	0	0
DB01332	Ceftizoxime	0	0	0	0
DB01212	Ceftriaxone	0	0	0	0
DB01112	Cefuroxime	0	0	0	0
DB00567	Cephalexin	0	0	0	0
DB00689	Cephaloglycin	0	0	0	0
DB09008	Cephaloridine	0	0	0	0
DB00403	Ceruletide	0	0	0	0
DB00341	Cetirizine	0	0	0	0
DB00050	Cetrorelix	0	0	0	0
DB00185	Cevimeline	0	0	0	0
DB06777	Chenodeoxycholic acid	0	0	0	0
DB08936	Chlorcyclizine	0	0	0	0
DB00475	Chlordiazepoxide	0	0	0	0
DB00878	Chlorhexidine	0	0	0	0
DB00534	Chlormerodrin	0	0	0	0
DB01161	Chloroprocaine	0	0	0	0
DB08800	Chloropyramine	0	0	4	0.0001221
DB00608	Chloroquine	0	0	0	0
DB00880	Chlorothiazide	0	0	0	0
DB01114	Chlorphenamine	0	0	0	0
DB00856	Chlorphenesin	0	0	0	0
DB00672	Chlorpropamide	0	0	1	4.42e-05
DB01239	Chlorprothixene	0	0	4	0.0003811
DB00310	Chlorthalidone	0	0	0	0
DB00356	Chlorzoxazone	0	0	1	8.337e-06
DB00169	Cholecalciferol	0	0	0	0
DB00122	Choline	0	0	0	0
DB01410	Ciclesonide	0	0	2	1.875e-05
DB00369	Cidofovir	0	0	0	0
DB01597	Cilastatin	0	0	0	0
DB01340	Cilazapril	0	0	0	0
DB01166	Cilostazol	0	0	0	0
DB00501	Cimetidine	0	0	1	4.326e-06
DB01012	Cinacalcet	0	0	0	0
DB00587	Cinalukast	0	0	0	0
DB00527	Cinchocaine	0	0	4	2.38e-05
DB08810	Cinitapride	0	0	1	0.0001266
DB00568	Cinnarizine	0	0	0	0
DB01594	Cinolazepam	0	0	0	0
DB00827	Cinoxacin	0	0	0	0
DB00537	Ciprofloxacin	0	0	0	0
DB00604	Cisapride	0	0	3	0.0002561
DB00565	Cisatracurium Besylate	0	0	0	0
DB00515	Cisplatin	0	0	1	3.77e-05
DB00766	Clavulanate	0	0	0	0
DB00283	Clemastine	0	0	0	0
DB04920	Clevidipine	0	0	1	6.651e-06
DB00771	Clidinium	0	0	0	0
DB01190	Clindamycin	0	0	0	0
DB09006	Clinofibrate	0	0	0	0
DB00349	Clobazam	0	0	0	0
DB09003	Clocapramine	0	0	0	0
DB00838	Clocortolone	0	0	2	4.192e-05
DB00720	Clodronate	0	0	8	0.0005135
DB00845	Clofazimine	0	0	0	0
DB04837	Clofedanol	0	0	0	0
DB00636	Clofibrate	0	0	1	7.798e-06
DB01242	Clomipramine	0	0	3	0.0002806
DB00453	Clomocycline	0	0	0	0
DB01068	Clonazepam	0	0	1	7.352e-06
DB09002	Cloperastine	0	0	0	0
DB00628	Clorazepate	0	0	0	0
DB01559	Clotiazepam	0	0	0	0
DB00257	Clotrimazole	0	0	1	4.932e-06
DB01147	Cloxacillin	0	0	0	0
DB01553	Cloxazolam	0	0	0	0
DB00907	Cocaine	0	0	0	0
DB00318	Codeine	0	0	0	0
DB00375	Colestipol	0	0	0	0
DB01111	Colistimethate	0	0	0	0
DB00803	Colistin	0	0	0	0
DB00872	Conivaptan	0	0	0	0
DB00286	Conjugated Estrogens	0	0	7	8.227e-06
DB01380	Cortisone acetate	0	0	2	2.964e-05
DB00148	Creatine	0	0	2	0.000233
DB01003	Cromoglicic acid	0	0	0	0
DB00265	Crotamiton	0	0	0	0
DB09000	Cyamemazine	0	0	2	0.0003129
DB00115	Cyanocobalamin	0	0	2	3.015e-05
DB01000	Cyclacillin	0	0	0	0
DB04838	Cyclandelate	0	0	0	0
DB01176	Cyclizine	0	0	0	0
DB00924	Cyclobenzaprine	0	0	1	0.0001097
DB00979	Cyclopentolate	0	0	0	0
DB00531	Cyclophosphamide	0	0	0	0
DB00260	Cycloserine	0	0	0	0
DB00606	Cyclothiazide	0	0	0	0
DB00942	Cycrimine	0	0	0	0
DB00847	Cysteamine	0	0	0	0
DB09028	Cytisine	0	0	0	0
DB06695	Dabigatran etexilate	0	0	0	0
DB00851	Dacarbazine	0	0	2	9.191e-05
DB06637	Dalfampridine	0	0	3	0.0001775
DB01764	Dalfopristin	0	0	0	0
DB01219	Dantrolene	0	0	0	0
DB06292	Dapagliflozin	0	0	0	0
DB00298	Dapiprazole	0	0	0	0
DB00496	Darifenacin	0	0	0	0
DB01264	Darunavir	0	0	0	0
DB04840	Debrisoquin	0	0	0	0
DB01245	Decamethonium	0	0	0	0
DB01262	Decitabine	0	0	1	1.116e-05
DB01609	Deferasirox	0	0	0	0
DB08826	Deferiprone	0	0	0	0
DB00746	Deferoxamine	0	0	0	0
DB06699	Degarelix	0	0	0	0
DB00705	Delavirdine	0	0	0	0
DB01511	Delorazepam	0	0	0	0
DB00944	Demecarium	0	0	0	0
DB00618	Demeclocycline	0	0	0	0
DB08998	Demexiptiline	0	0	0	0
DB01089	Deserpidine	0	0	0	0
DB01189	Desflurane	0	0	1	8.042e-05
DB01151	Desipramine	0	0	3	0.0001013
DB01078	Deslanoside	0	0	4	7.579e-05
DB00967	Desloratadine	0	0	0	0
DB00035	Desmopressin	0	0	0	0
DB00304	Desogestrel	0	0	6	1.905e-05
DB01260	Desonide	0	0	2	4.192e-05
DB06700	Desvenlafaxine	0	0	0	0
DB00405	Dexbrompheniramine	0	0	0	0
DB01191	Dexfenfluramine	0	0	3	0.0002964
DB00633	Dexmedetomidine	0	0	1	6.975e-06
DB06701	Dexmethylphenidate	0	0	0	0
DB00380	Dexrazoxane	0	0	0	0
DB01576	Dextroamphetamine	0	0	0	0
DB00514	Dextromethorphan	0	0	1	4.326e-06
DB00647	Dextropropoxyphene	0	0	0	0
DB00509	Dextrothyroxine	0	0	0	0
DB01209	Dezocine	0	0	0	0
DB00271	Diatrizoate	0	0	0	0
DB00829	Diazepam	0	0	1	3.899e-06
DB00586	Diclofenac	0	0	2	1.331e-05
DB01144	Diclofenamide	0	0	0	0
DB00485	Dicloxacillin	0	0	0	0
DB00266	Dicoumarol	0	0	1	5.173e-05
DB00804	Dicyclomine	0	0	0	0
DB00900	Didanosine	0	0	0	0
DB00890	Dienestrol	0	0	6	3.3e-05
DB00711	Diethylcarbamazine	0	0	0	0
DB00937	Diethylpropion	0	0	0	0
DB00255	Diethylstilbestrol	0	0	9	3.07e-05
DB01501	Difenoxin	0	0	0	0
DB00861	Diflunisal	0	0	1	2.076e-05
DB06781	Difluprednate	0	0	2	4.192e-05
DB01551	Dihydrocodeine	0	0	0	0
DB00320	Dihydroergotamine	0	0	1	0.0001926
DB01070	Dihydrotachysterol	0	0	0	0
DB01375	Dihydroxyaluminium	0	0	0	0
DB08792	Diloxanide	0	0	0	0
DB00343	Diltiazem	0	0	0	0
DB00985	Dimenhydrinate	0	0	0	0
DB06782	Dimercaprol	0	0	0	0
DB08996	Dimetacrine	0	0	0	0
DB01093	Dimethyl sulfoxide	0	0	1	2.543e-05
DB08801	Dimetindene	0	0	0	0
DB08967	Dimetotiazine	0	0	0	0
DB01160	Dinoprost Tromethamine	0	0	0	0
DB00917	Dinoprostone	0	0	0	0
DB00729	Diphemanil Methylsulfate	0	0	0	0
DB01075	Diphenhydramine	0	0	0	0
DB01231	Diphenidol	0	0	0	0
DB01081	Diphenoxylate	0	0	0	0
DB01146	Diphenylpyraline	0	0	0	0
DB00449	Dipivefrin	0	0	0	0
DB00975	Dipyridamole	0	0	0	0
DB00280	Disopyramide	0	0	0	0
DB08994	Ditazole	0	0	0	0
DB00841	Dobutamine	0	0	0	0
DB00632	Docosanol	0	0	0	0
DB00204	Dofetilide	0	0	0	0
DB00757	Dolasetron	0	0	0	0
DB08930	Dolutegravir	0	0	0	0
DB01184	Domperidone	0	0	1	9.791e-05
DB00843	Donepezil	0	0	1	8.29e-05
DB00988	Dopamine	0	0	2	0.0001249
DB00869	Dorzolamide	0	0	0	0
DB01135	Doxacurium chloride	0	0	0	0
DB00590	Doxazosin	0	0	0	0
DB01142	Doxepin	0	0	3	0.0001984
DB00254	Doxycycline	0	0	0	0
DB00366	Doxylamine	0	0	0	0
DB00470	Dronabinol	0	0	0	0
DB04855	Dronedarone	0	0	0	0
DB00450	Droperidol	0	0	1	0.0001097
DB01395	Drospirenone	0	0	3	1.809e-05
DB00858	Drostanolone	0	0	3	2.336e-05
DB06751	Drotaverine	0	0	0	0
DB06262	Droxidopa	0	0	0	0
DB00476	Duloxetine	0	0	2	0.0001806
DB01126	Dutasteride	0	0	0	0
DB00645	Dyclonine	0	0	0	0
DB00378	Dydrogesterone	0	0	0	0
DB00651	Dyphylline	0	0	0	0
DB05265	Ecabet	0	0	0	0
DB01057	Echothiophate	0	0	0	0
DB01127	Econazole	0	0	1	9.864e-06
DB00974	Edetic Acid	0	0	0	0
DB01010	Edrophonium	0	0	0	0
DB00625	Efavirenz	0	0	0	0
DB00216	Eletriptan	0	0	1	0.0001456
DB06210	Eltrombopag	0	0	0	0
DB00879	Emtricitabine	0	0	0	0
DB01228	Encainide	0	0	0	0
DB00228	Enflurane	0	0	2	0.0001262
DB01225	Enoxaparin	0	0	0	0
DB04880	Enoximone	0	0	0	0
DB00824	Enprofylline	0	0	0	0
DB00494	Entacapone	0	0	0	0
DB00442	Entecavir	0	0	0	0
DB08993	Enviomycin	0	0	0	0
DB08899	Enzalutamide	0	0	3	1.279e-05
DB08992	Eperisone	0	0	0	0
DB01364	Ephedrine	0	0	0	0
DB00751	Epinastine	0	0	1	6.936e-05
DB08991	Epirizole	0	0	0	0
DB00700	Eplerenone	0	0	0	0
DB01240	Epoprostenol	0	0	0	0
DB08990	Eprazinone	0	0	0	0
DB00876	Eprosartan	0	0	0	0
DB02187	Equilin	0	0	0	0
DB00153	Ergocalciferol	0	0	3	1.529e-05
DB01049	Ergoloid mesylate	0	0	0	0
DB00696	Ergotamine	0	0	3	0.0002561
DB08871	Eribulin	0	0	0	0
DB00303	Ertapenem	0	0	0	0
DB01613	Erythrityl Tetranitrate	0	0	0	0
DB00199	Erythromycin	0	0	0	0
DB00187	Esmolol	0	0	0	0
DB00736	Esomeprazole	0	0	0	0
DB01215	Estazolam	0	0	0	0
DB01196	Estramustine	0	0	8	7.951e-05
DB04574	Estropipate	0	0	7	1.483e-05
DB00402	Eszopiclone	0	0	0	0
DB00330	Ethambutol	0	0	0	0
DB00898	Ethanol	0	0	1	5.695e-06
DB06689	Ethanolamine Oleate	0	0	1	1.103e-05
DB00189	Ethchlorvynol	0	0	0	0
DB01031	Ethinamate	0	0	0	0
DB00977	Ethinyl Estradiol	0	0	7	1.211e-05
DB00609	Ethionamide	0	0	0	0
DB00593	Ethosuximide	0	0	1	8.337e-06
DB00754	Ethotoin	0	0	0	0
DB01545	Ethyl loflazepate	0	0	0	0
DB01466	Ethylmorphine	0	0	0	0
DB00823	Ethynodiol	0	0	6	2.334e-05
DB08987	Etidocaine	0	0	0	0
DB01077	Etidronic acid	0	0	0	0
DB00749	Etodolac	0	0	0	0
DB08984	Etofenamate	0	0	0	0
DB08983	Etofibrate	0	0	0	0
DB00292	Etomidate	0	0	0	0
DB00294	Etonogestrel	0	0	6	1.65e-05
DB01628	Etoricoxib	0	0	7	0.0002627
DB08982	Etozoline	0	0	0	0
DB06414	Etravirine	0	0	0	0
DB00973	Ezetimibe	0	0	0	0
DB04953	Ezogabine	0	0	0	0
DB00927	Famotidine	0	0	0	0
DB00949	Felbamate	0	0	1	9.005e-06
DB01023	Felodipine	0	0	4	1.216e-05
DB00093	Felypressin	0	0	0	0
DB08981	Fenbufen	0	0	0	0
DB01463	Fencamfamine	0	0	0	0
DB01482	Fenethylline	0	0	0	0
DB00800	Fenoldopam	0	0	0	0
DB00573	Fenoprofen	0	0	0	0
DB01288	Fenoterol	0	0	0	0
DB01550	Fenproporex	0	0	0	0
DB08979	Fenspiride	0	0	0	0
DB00813	Fentanyl	0	0	0	0
DB06702	Fesoterodine	0	0	0	0
DB08874	Fidaxomicin	0	0	0	0
DB01216	Finasteride	0	0	0	0
DB08868	Fingolimod	0	0	2	3.6e-05
DB03147	Flavin adenine dinucleotide	0	0	1	5.455e-05
DB01148	Flavoxate	0	0	0	0
DB08976	Floctafenine	0	0	0	0
DB00301	Flucloxacillin	0	0	0	0
DB01073	Fludarabine	0	0	0	0
DB01567	Fludiazepam	0	0	0	0
DB00687	Fludrocortisone	0	0	5	4.756e-05
DB01205	Flumazenil	0	0	0	0
DB00663	Flumethasone Pivalate	0	0	2	2.964e-05
DB04841	Flunarizine	0	0	4	1.617e-05
DB01544	Flunitrazepam	0	0	1	5.35e-06
DB08971	Fluocortolone	0	0	0	0
DB00693	Fluorescein	0	0	0	0
DB00544	Fluorouracil	0	0	0	0
DB01185	Fluoxymesterone	0	0	11	5.16e-05
DB00875	Flupentixol	0	0	1	8.29e-05
DB06623	Flupirtine	0	0	0	0
DB08970	Fluprednidene Acetate	0	0	0	0
DB00690	Flurazepam	0	0	1	4.502e-06
DB00712	Flurbiprofen	0	0	0	0
DB00499	Flutamide	0	0	3	1.43e-05
DB08906	Fluticasone furoate	0	0	2	2.42e-05
DB00176	Fluvoxamine	0	0	1	5.695e-06
DB00158	Folic Acid	0	0	1	6.367e-06
DB01213	Fomepizole	0	0	1	9.005e-06
DB08968	Fominoben	0	0	0	0
DB00569	Fondaparinux sodium	0	0	0	0
DB01342	Forasartan	0	0	0	0
DB08905	Formestane	0	0	0	0
DB00983	Formoterol	0	0	0	0
DB01319	Fosamprenavir	0	0	0	0
DB06717	Fosaprepitant	0	0	0	0
DB00529	Foscarnet	0	0	0	0
DB00828	Fosfomycin	0	0	0	0
DB00492	Fosinopril	0	0	0	0
DB01320	Fosphenytoin	0	0	0	0
DB06716	Fospropofol	0	0	0	0
DB00452	Framycetin	0	0	0	0
DB00998	Frovatriptan	0	0	0	0
DB00614	Furazolidone	0	0	1	0.0001929
DB00695	Furosemide	0	0	0	0
DB08966	Fursultiamine	0	0	0	0
DB08965	Fusafungine	0	0	0	0
DB02703	Fusidic Acid	0	0	0	0
DB00996	Gabapentin	0	0	0	0
DB00743	Gadobenate Dimeglumine	0	0	0	0
DB06703	Gadobutrol	0	0	0	0
DB00225	Gadodiamide	0	0	0	0
DB06705	Gadofosveset trisodium	0	0	0	0
DB00789	Gadopentetate dimeglumine	0	0	0	0
DB00597	Gadoteridol	0	0	0	0
DB00538	Gadoversetamide	0	0	0	0
DB08884	Gadoxetate	0	0	0	0
DB00674	Galantamine	0	0	0	0
DB00483	Gallamine Triethiodide	0	0	0	0
DB05260	Gallium nitrate	0	0	0	0
DB01440	Gamma Hydroxybutyric Acid	0	0	0	0
DB01004	Ganciclovir	0	0	0	0
DB01155	Gemifloxacin	0	0	0	0
DB00798	Gentamicin	0	0	1	9.605e-05
DB00406	Gentian Violet	0	0	0	0
DB06730	Gestodene	0	0	0	0
DB01120	Gliclazide	0	0	1	5.413e-05
DB00222	Glimepiride	0	0	1	6.63e-05
DB01067	Glipizide	0	0	2	7.344e-05
DB01251	Gliquidone	0	0	1	7.656e-05
DB01289	Glisoxepide	0	0	1	7.656e-05
DB01296	Glucosamine	0	0	2	2.318e-05
DB00143	Glutathione	0	0	1	0.0001103
DB01437	Glutethimide	0	0	0	0
DB01016	Glyburide	0	0	2	0.0001641
DB08909	Glycerol Phenylbutyrate	0	0	0	0
DB00145	Glycine	0	0	1	4.647e-05
DB01382	Glycodiazine	0	0	0	0
DB00986	Glycopyrrolate	0	0	0	0
DB00644	Gonadorelin	0	0	0	0
DB00014	Goserelin	0	0	0	0
DB00889	Granisetron	0	0	0	0
DB00400	Griseofulvin	0	0	0	0
DB00874	Guaifenesin	0	0	0	0
DB00226	Guanadrel	0	0	0	0
DB01170	Guanethidine	0	0	0	0
DB01018	Guanfacine	0	0	0	0
DB00536	Guanidine	0	0	5	0.0003161
DB00801	Halazepam	0	0	0	0
DB00596	Halobetasol Propionate	0	0	2	2.964e-05
DB01218	Halofantrine	0	0	0	0
DB00502	Haloperidol	0	0	3	0.0002164
DB01159	Halothane	0	0	1	3.364e-06
DB01354	Heptabarbital	0	0	0	0
DB01452	Heroin	0	0	0	0
DB01094	Hesperetin	0	0	0	0
DB00739	Hetacillin	0	0	0	0
DB00756	Hexachlorophene	0	0	1	5.167e-06
DB00941	Hexafluronium	0	0	0	0
DB08958	Hexetidine	0	0	0	0
DB01355	Hexobarbital	0	0	1	5.35e-06
DB08957	Hexoprenaline	0	0	0	0
DB00473	Hexylcaine	0	0	0	0
DB00667	Histamine Phosphate	0	0	0	0
DB00725	Homatropine Methylbromide	0	0	0	0
DB01275	Hydralazine	0	0	0	0
DB00956	Hydrocodone	0	0	0	0
DB00769	Hydrocortamate	0	0	2	2.964e-05
DB00774	Hydroflumethiazide	0	0	3	4.911e-05
DB00327	Hydromorphone	0	0	0	0
DB00200	Hydroxocobalamin	0	0	2	3.277e-05
DB01611	Hydroxychloroquine	0	0	0	0
DB08847	Hydroxyproline	0	0	0	0
DB01040	Hydroxystilbamidine Isethionate	0	0	0	0
DB01005	Hydroxyurea	0	0	0	0
DB00557	Hydroxyzine	0	0	0	0
DB00424	Hyoscyamine	0	0	0	0
DB00710	Ibandronate	0	0	0	0
DB05266	Ibudilast	0	0	0	0
DB01050	Ibuprofen	0	0	2	1.793e-05
DB00308	Ibutilide	0	0	1	4.193e-05
DB06196	Icatibant	0	0	0	0
DB00159	Icosapent	0	0	3	0.0003359
DB08887	Icosapent ethyl	0	0	0	0
DB08954	Ifenprodil	0	0	1	2.732e-05
DB01181	Ifosfamide	0	0	0	0
DB04946	Iloperidone	0	0	4	0.0001926
DB01088	Iloprost	0	0	0	0
DB00619	Imatinib	0	0	7	0.0001175
DB01598	Imipenem	0	0	0	0
DB00458	Imipramine	0	0	3	9.4e-05
DB00724	Imiquimod	0	0	0	0
DB06255	Incadronate	0	0	0	0
DB05039	Indacaterol	0	0	0	0
DB00808	Indapamide	0	0	0	0
DB00192	Indecainide	0	0	0	0
DB00328	Indomethacin	0	0	1	5.678e-06
DB05013	Ingenol Mebutate	0	0	5	0.0004404
DB00638	Inulin	0	0	0	0
DB06704	Iobenguane	0	0	0	0
DB04711	Iodipamide	0	0	0	0
DB01249	Iodixanol	0	0	0	0
DB08824	Ioflupane I 123	0	0	0	0
DB01362	Iohexol	0	0	0	0
DB08947	Iopamidol	0	0	0	0
DB08946	Iopanoic acid	0	0	0	0
DB01187	Iophendylate	0	0	0	0
DB01029	Irbesartan	0	0	3	5.523e-05
DB01592	Iron	0	0	0	0
DB08944	Isoaminile	0	0	0	0
DB01247	Isocarboxazid	0	0	1	0.0001929
DB08943	Isoconazole	0	0	0	0
DB00221	Isoetarine	0	0	0	0
DB00753	Isoflurane	0	0	6	8.805e-05
DB00677	Isoflurophate	0	0	0	0
DB06706	Isometheptene	0	0	0	0
DB00951	Isoniazid	0	0	1	7.352e-06
DB01064	Isoprenaline	0	0	3	9.158e-05
DB01625	Isopropamide	0	0	0	0
DB00883	Isosorbide Dinitrate	0	0	1	9.005e-06
DB01020	Isosorbide Mononitrate	0	0	0	0
DB08802	Isothipendyl	0	0	0	0
DB08941	Isoxsuprine	0	0	0	0
DB00270	Isradipine	0	0	0	0
DB01167	Itraconazole	0	0	1	6.975e-06
DB08820	Ivacaftor	0	0	0	0
DB04845	Ixabepilone	0	0	0	0
DB01321	Josamycin	0	0	0	0
DB01172	Kanamycin	0	0	0	0
DB01221	Ketamine	0	0	2	3.899e-05
DB01587	Ketazolam	0	0	0	0
DB06738	Ketobemidone	0	0	0	0
DB01026	Ketoconazole	0	0	3	7.786e-06
DB01009	Ketoprofen	0	0	0	0
DB00920	Ketotifen	0	0	0	0
DB00160	L-Alanine	0	0	0	0
DB00125	L-Arginine	0	0	2	2.298e-05
DB00174	L-Asparagine	0	0	0	0
DB00128	L-Aspartic Acid	0	0	4	0.0002178
DB00583	L-Carnitine	0	0	0	0
DB00155	L-Citrulline	0	0	2	2.298e-05
DB00151	L-Cysteine	0	0	0	0
DB00138	L-Cystine	0	0	0	0
DB01235	L-DOPA	0	0	1	9.791e-05
DB00117	L-Histidine	0	0	0	0
DB00167	L-Isoleucine	0	0	0	0
DB00149	L-Leucine	0	0	0	0
DB00123	L-Lysine	0	0	1	4.813e-05
DB00134	L-Methionine	0	0	1	3.262e-05
DB00129	L-Ornithine	0	0	0	0
DB00120	L-Phenylalanine	0	0	0	0
DB00172	L-Proline	0	0	0	0
DB00133	L-Serine	0	0	1	9.31e-05
DB00156	L-Threonine	0	0	1	0.0001012
DB00150	L-Tryptophan	0	0	0	0
DB00135	L-Tyrosine	0	0	0	0
DB00161	L-Valine	0	0	0	0
DB08933	LULICONAZOLE	0	0	0	0
DB00598	Labetalol	0	0	0	0
DB06218	Lacosamide	0	0	0	0
DB00581	Lactulose	0	0	0	0
DB00709	Lamivudine	0	0	0	0
DB00448	Lansoprazole	0	0	0	0
DB01259	Lapatinib	0	0	4	0.0001199
DB04570	Latamoxef	0	0	0	0
DB01097	Leflunomide	0	0	2	4.065e-05
DB00480	Lenalidomide	0	0	1	0.0001575
DB00528	Lercanidipine	0	0	0	0
DB01006	Letrozole	0	0	0	0
DB00650	Leucovorin	0	0	0	0
DB00504	Levallorphan	0	0	0	0
DB01002	Levobupivacaine	0	0	0	0
DB01106	Levocabastine	0	0	0	0
DB01137	Levofloxacin	0	0	0	0
DB01227	Levomethadyl Acetate	0	0	0	0
DB08918	Levomilnacipran	0	0	0	0
DB06707	Levonordefrin	0	0	0	0
DB00922	Levosimendan	0	0	1	6.63e-05
DB00451	Levothyroxine	0	0	1	1.271e-05
DB00281	Lidocaine	0	0	0	0
DB08890	Linaclotide	0	0	0	0
DB08882	Linagliptin	0	0	1	5.041e-05
DB01627	Lincomycin	0	0	0	0
DB00431	Lindane	0	0	0	0
DB00601	Linezolid	0	0	1	0.0001929
DB00279	Liothyronine	0	0	1	1.271e-05
DB01583	Liotrix	0	0	1	1.233e-05
DB00166	Lipoic Acid	0	0	0	0
DB01255	Lisdexamfetamine	0	0	0	0
DB00722	Lisinopril	0	0	0	0
DB00589	Lisuride	0	0	4	0.0003271
DB01356	Lithium	0	0	8	0.000794
DB04948	Lofexidine	0	0	0	0
DB00978	Lomefloxacin	0	0	0	0
DB08827	Lomitapide	0	0	0	0
DB01206	Lomustine	0	0	0	0
DB01601	Lopinavir	0	0	0	0
DB00455	Loratadine	0	0	0	0
DB00186	Lorazepam	0	0	0	0
DB06725	Lornoxicam	0	0	0	0
DB00678	Losartan	0	0	0	0
DB00873	Loteprednol	0	0	2	4.192e-05
DB01046	Lubiprostone	0	0	0	0
DB04967	Lucanthone	0	0	0	0
DB06708	Lumefantrine	0	0	0	0
DB01283	Lumiracoxib	0	0	0	0
DB08815	Lurasidone	0	0	1	8.29e-05
DB00256	Lymecycline	0	0	0	0
DB08932	MACITENTAN	0	0	0	0
DB06795	Mafenide	0	0	0	0
DB00653	Magnesium Sulfate	0	0	0	0
DB01377	Magnesium oxide	0	0	0	0
DB01397	Magnesium salicylate	0	0	0	0
DB00772	Malathion	0	0	0	0
DB00742	Mannitol	0	0	0	0
DB04835	Maraviroc	0	0	1	0.000132
DB00786	Marimastat	0	0	4	0.0009287
DB00179	Masoprocol	0	0	0	0
DB00579	Mazindol	0	0	0	0
DB00888	Mechlorethamine	0	0	0	0
DB00737	Meclizine	0	0	0	0
DB00603	Medroxyprogesterone Acetate	0	0	11	3.649e-05
DB00358	Mefloquine	0	0	4	0.0002255
DB00351	Megestrol acetate	0	0	2	2.42e-05
DB00814	Meloxicam	0	0	0	0
DB01042	Melphalan	0	0	0	0
DB01043	Memantine	0	0	1	2.116e-05
DB00825	Menthol	0	0	0	0
DB01365	Mephentermine	0	0	0	0
DB00371	Meprobamate	0	0	1	6.651e-06
DB06691	Mepyramine	0	0	0	0
DB01071	Mequitazine	0	0	0	0
DB01033	Mercaptopurine	0	0	0	0
DB00760	Meropenem	0	0	0	0
DB01357	Mestranol	0	0	6	2.334e-05
DB00610	Metaraminol	0	0	0	0
DB00660	Metaxalone	0	0	0	0
DB00331	Metformin	0	0	4	0.0001964
DB06709	Methacholine	0	0	0	0
DB00931	Methacycline	0	0	0	0
DB00333	Methadone	0	0	0	0
DB01433	Methadyl Acetate	0	0	0	0
DB01577	Methamphetamine	0	0	1	7.289e-05
DB00940	Methantheline	0	0	0	0
DB00703	Methazolamide	0	0	1	5.514e-06
DB00902	Methdilazine	0	0	0	0
DB00763	Methimazole	0	0	1	7.352e-06
DB00423	Methocarbamol	0	0	0	0
DB00474	Methohexital	0	0	0	0
DB01403	Methotrimeprazine	0	0	4	0.0001926
DB00723	Methoxamine	0	0	0	0
DB01028	Methoxyflurane	0	0	2	8.452e-05
DB05246	Methsuximide	0	0	0	0
DB00232	Methyclothiazide	0	0	0	0
DB00992	Methyl aminolevulinate	0	0	0	0
DB06800	Methylnaltrexone	0	0	0	0
DB00422	Methylphenidate	0	0	0	0
DB00849	Methylphenobarbital	0	0	0	0
DB00959	Methylprednisolone	0	0	2	2.42e-05
DB00462	Methylscopolamine bromide	0	0	0	0
DB01107	Methyprylon	0	0	0	0
DB00247	Methysergide	0	0	3	0.0003276
DB01603	Meticillin	0	0	0	0
DB01214	Metipranolol	0	0	0	0
DB00340	Metixene	0	0	1	0.0001317
DB01233	Metoclopramide	0	0	1	0.0001131
DB01336	Metocurine	0	0	0	0
DB00524	Metolazone	0	0	0	0
DB00264	Metoprolol	0	0	0	0
DB01578	Metrizamide	0	0	0	0
DB00916	Metronidazole	0	0	0	0
DB01011	Metyrapone	0	0	1	9.005e-06
DB00765	Metyrosine	0	0	0	0
DB00379	Mexiletine	0	0	1	6.651e-06
DB00948	Mezlocillin	0	0	0	0
DB06148	Mianserin	0	0	4	0.000291
DB01141	Micafungin	0	0	1	0.002252
DB01110	Miconazole	0	0	3	1.956e-05
DB00683	Midazolam	0	0	1	4.096e-06
DB00211	Midodrine	0	0	0	0
DB00491	Miglitol	0	0	0	0
DB00419	Miglustat	0	0	0	0
DB04896	Milnacipran	0	0	0	0
DB00235	Milrinone	0	0	0	0
DB01055	Mimosine	0	0	0	0
DB00805	Minaprine	0	0	4	0.0004299
DB01017	Minocycline	0	0	3	4.073e-05
DB00350	Minoxidil	0	0	1	6.63e-05
DB08893	Mirabegron	0	0	0	0
DB00929	Misoprostol	0	0	0	0
DB01252	Mitiglinide	0	0	2	7.344e-05
DB00648	Mitotane	0	0	0	0
DB01226	Mivacurium	0	0	0	0
DB00745	Modafinil	0	0	0	0
DB00691	Moexipril	0	0	0	0
DB01618	Molindone	0	0	1	8.954e-05
DB00764	Mometasone	0	0	2	2.964e-05
DB00471	Montelukast	0	0	0	0
DB00680	Moricizine	0	0	0	0
DB00295	Morphine	0	0	0	0
DB00218	Moxifloxacin	0	0	0	0
DB00410	Mupirocin	0	0	0	0
DB00141	N-Acetyl-D-glucosamine	0	0	0	0
DB00486	Nabilone	0	0	0	0
DB00666	Nafarelin	0	0	0	0
DB00607	Nafcillin	0	0	0	0
DB00735	Naftifine	0	0	0	0
DB00844	Nalbuphine	0	0	0	0
DB00779	Nalidixic Acid	0	0	0	0
DB01183	Naloxone	0	0	7	1.481e-05
DB08804	Nandrolone decanoate	0	0	4	0.0001566
DB00984	Nandrolone phenpropionate	0	0	3	2.861e-05
DB00788	Naproxen	0	0	0	0
DB00952	Naratriptan	0	0	1	0.000122
DB00826	Natamycin	0	0	0	0
DB00731	Nateglinide	0	0	2	3.871e-05
DB04861	Nebivolol	0	0	0	0
DB00716	Nedocromil	0	0	6	7.708e-05
DB01149	Nefazodone	0	0	2	0.0001399
DB01280	Nelarabine	0	0	0	0
DB00220	Nelfinavir	0	0	0	0
DB00994	Neomycin	0	0	0	0
DB01400	Neostigmine	0	0	0	0
DB06802	Nepafenac	0	0	0	0
DB00955	Netilmicin	0	0	0	0
DB00238	Nevirapine	0	0	0	0
DB00627	Niacin	0	0	0	0
DB00622	Nicardipine	0	0	5	1.576e-05
DB00699	Nicergoline	0	0	0	0
DB00184	Nicotine	0	0	2	5.211e-05
DB04552	Niflumic Acid	0	0	0	0
DB00665	Nilutamide	0	0	3	1.809e-05
DB06712	Nilvadipine	0	0	1	6.118e-06
DB00393	Nimodipine	0	0	0	0
DB00348	Nitisinone	0	0	0	0
DB01595	Nitrazepam	0	0	1	4.599e-06
DB01054	Nitrendipine	0	0	0	0
DB00435	Nitric Oxide	0	0	0	0
DB00698	Nitrofurantoin	0	0	0	0
DB00727	Nitroglycerin	0	0	0	0
DB00325	Nitroprusside	0	0	0	0
DB01422	Nitroxoline	0	0	0	0
DB06713	Norelgestromin	0	0	0	0
DB00368	Norepinephrine	0	0	0	0
DB01059	Norfloxacin	0	0	0	0
DB00957	Norgestimate	0	0	6	1.905e-05
DB00646	Nystatin	0	0	0	0
DB00104	Octreotide	0	0	2	0.001032
DB01165	Ofloxacin	0	0	0	0
DB00334	Olanzapine	0	0	4	0.0002283
DB00275	Olmesartan	0	0	0	0
DB00768	Olopatadine	0	0	1	9.186e-05
DB01250	Olsalazine	0	0	1	1.291e-05
DB00338	Omeprazole	0	0	0	0
DB00904	Ondansetron	0	0	1	5.514e-06
DB00816	Orciprenaline	0	0	0	0
DB04911	Oritavancin	0	0	0	0
DB01173	Orphenadrine	0	0	3	4.8e-05
DB00198	Oseltamivir	0	0	0	0
DB04938	Ospemifene	0	0	6	1.476e-05
DB00713	Oxacillin	0	0	0	0
DB00526	Oxaliplatin	0	0	2	4.595e-05
DB01096	Oxamniquine	0	0	0	0
DB00991	Oxaprozin	0	0	0	0
DB00842	Oxazepam	0	0	0	0
DB00776	Oxcarbazepine	0	0	0	0
DB00239	Oxiconazole	0	0	0	0
DB02959	Oxitriptan	0	0	0	0
DB01303	Oxtriphylline	0	0	0	0
DB01428	Oxybenzone	0	0	0	0
DB00892	Oxybuprocaine	0	0	0	0
DB01062	Oxybutynin	0	0	0	0
DB00497	Oxycodone	0	0	0	0
DB00935	Oxymetazoline	0	0	3	0.0003014
DB01192	Oxymorphone	0	0	0	0
DB00383	Oxyphencyclimine	0	0	0	0
DB00219	Oxyphenonium	0	0	0	0
DB00595	Oxytetracycline	0	0	0	0
DB01267	Paliperidone	0	0	3	0.0002077
DB00377	Palonosetron	0	0	0	0
DB00282	Pamidronate	0	0	0	0
DB01337	Pancuronium	0	0	0	0
DB00213	Pantoprazole	0	0	0	0
DB00617	Paramethadione	0	0	1	8.337e-06
DB01384	Paramethasone	0	0	2	2.42e-05
DB01626	Pargyline	0	0	1	0.0001929
DB00910	Paricalcitol	0	0	0	0
DB01421	Paromomycin	0	0	0	0
DB06663	Pasireotide	0	0	2	0.001263
DB00487	Pefloxacin	0	0	0	0
DB00642	Pemetrexed	0	0	0	0
DB00885	Pemirolast	0	0	0	0
DB01359	Penbutolol	0	0	0	0
DB00299	Penciclovir	0	0	0	0
DB00859	Penicillamine	0	0	0	0
DB00183	Pentagastrin	0	0	0	0
DB00652	Pentazocine	0	0	0	0
DB00312	Pentobarbital	0	0	0	0
DB01090	Pentolinium	0	0	0	0
DB00686	Pentosan Polysulfate	0	0	1	9.299e-05
DB00552	Pentostatin	0	0	0	0
DB06614	Peramivir	0	0	0	0
DB00556	Perflutren	0	0	0	0
DB01186	Pergolide	0	0	4	0.0003188
DB00790	Perindopril	0	0	0	0
DB04930	Permethrin	0	0	0	0
DB00454	Pethidine	0	0	2	4.249e-05
DB01121	Phenacemide	0	0	0	0
DB01438	Phenazopyridine	0	0	0	0
DB01579	Phendimetrazine	0	0	0	0
DB00914	Phenformin	0	0	0	0
DB01619	Phenindamine	0	0	0	0
DB00498	Phenindione	0	0	1	0.0001157
DB01620	Pheniramine	0	0	0	0
DB00830	Phenmetrazine	0	0	0	0
DB01174	Phenobarbital	0	0	1	4.168e-06
DB03255	Phenol	0	0	0	0
DB00946	Phenprocoumon	0	0	1	4.722e-05
DB00832	Phensuximide	0	0	0	0
DB00191	Phentermine	0	0	1	9.643e-05
DB00692	Phentolamine	0	0	0	0
DB00812	Phenylbutazone	0	0	0	0
DB00388	Phenylephrine	0	0	1	0.000122
DB00252	Phenytoin	0	0	0	0
DB00144	Phosphatidylserine	0	0	3	0.0001377
DB01022	Phylloquinone	0	0	0	0
DB00981	Physostigmine	0	0	0	0
DB01085	Pilocarpine	0	0	1	9.005e-06
DB00337	Pimecrolimus	0	0	2	3.123e-05
DB01132	Pioglitazone	0	0	1	1.054e-05
DB08796	Pipazethate	0	0	0	0
DB01338	Pipecuronium	0	0	0	0
DB00592	Piperazine	0	0	0	0
DB00236	Pipobroman	0	0	0	0
DB01621	Pipotiazine	0	0	1	6.936e-05
DB01291	Pirbuterol	0	0	0	0
DB00670	Pirenzepine	0	0	0	0
DB00554	Piroxicam	0	0	0	0
DB01604	Pivampicillin	0	0	0	0
DB01605	Pivmecillinam	0	0	0	0
DB06809	Plerixafor	0	0	0	0
DB06810	Plicamycin	0	0	0	0
DB06811	Polidocanol	0	0	0	0
DB00781	Polymyxin B Sulfate	0	0	0	0
DB01324	Polythiazide	0	0	0	0
DB08910	Pomalidomide	0	0	0	0
DB00707	Porfimer	0	0	0	0
DB01263	Posaconazole	0	0	0	0
DB09015	Potassium Canrenoate	0	0	0	0
DB00761	Potassium Chloride	0	0	0	0
DB06715	Potassium Iodide	0	0	0	0
DB01297	Practolol	0	0	0	0
DB06813	Pralatrexate	0	0	0	0
DB00413	Pramipexole	0	0	4	0.0003564
DB01411	Pranlukast	0	0	1	1.432e-05
DB06209	Prasugrel	0	0	0	0
DB00175	Pravastatin	0	0	0	0
DB01588	Prazepam	0	0	0	0
DB00457	Prazosin	0	0	0	0
DB00230	Pregabalin	0	0	0	0
DB00750	Prilocaine	0	0	0	0
DB01087	Primaquine	0	0	0	0
DB00794	Primidone	0	0	0	0
DB01032	Probenecid	0	0	0	0
DB01599	Probucol	0	0	1	0.0004748
DB01035	Procainamide	0	0	1	4.322e-06
DB00721	Procaine	0	0	0	0
DB01168	Procarbazine	0	0	0	0
DB00387	Procyclidine	0	0	0	0
DB01123	Proflavine	0	0	0	0
DB00837	Progabide	0	0	0	0
DB00396	Progesterone	0	0	11	2.18e-05
DB01131	Proguanil	0	0	1	8.337e-06
DB01069	Promethazine	0	0	5	6.734e-05
DB01182	Propafenone	0	0	0	0
DB00807	Proparacaine	0	0	0	0
DB01608	Propericiazine	0	0	0	0
DB00777	Propiomazine	0	0	2	0.0001448
DB00818	Propofol	0	0	1	4.411e-06
DB00571	Propranolol	0	0	0	0
DB06714	Propylhexedrine	0	0	0	0
DB00344	Protriptyline	0	0	0	0
DB00852	Pseudoephedrine	0	0	2	0.0002121
DB00339	Pyrazinamide	0	0	0	0
DB00545	Pyridostigmine	0	0	0	0
DB00147	Pyridoxal	0	0	0	0
DB00165	Pyridoxine	0	0	0	0
DB00119	Pyruvic acid	0	0	2	0.0001098
DB01589	Quazepam	0	0	0	0
DB01224	Quetiapine	0	0	3	0.0001511
DB00881	Quinapril	0	0	0	0
DB04575	Quinestrol	0	0	6	3.3e-05
DB01325	Quinethazone	0	0	0	0
DB00908	Quinidine	0	0	1	4.096e-06
DB01346	Quinidine barbiturate	0	0	0	0
DB00468	Quinine	0	0	1	4.813e-06
DB01369	Quinupristin	0	0	0	0
DB01129	Rabeprazole	0	0	0	0
DB08913	Radium Ra 223 Dichloride	0	0	0	0
DB06817	Raltegravir	0	0	0	0
DB00980	Ramelteon	0	0	0	0
DB00178	Ramipril	0	0	0	0
DB00863	Ranitidine	0	0	0	0
DB00243	Ranolazine	0	0	0	0
DB01367	Rasagiline	0	0	1	3.454e-05
DB00234	Reboxetine	0	0	1	0.0001317
DB06213	Regadenoson	0	0	0	0
DB08896	Regorafenib	0	0	9	0.000171
DB00899	Remifentanil	0	0	0	0
DB00212	Remikiren	0	0	0	0
DB00912	Repaglinide	0	0	2	6.207e-05
DB01180	Rescinnamine	0	0	0	0
DB01256	Retapamulin	0	0	0	0
DB00811	Ribavirin	0	0	0	0
DB00140	Riboflavin	0	0	1	0.000122
DB01207	Ridogrel	0	0	0	0
DB00615	Rifabutin	0	0	7	0.0001279
DB01201	Rifapentine	0	0	0	0
DB01220	Rifaximin	0	0	0	0
DB08864	Rilpivirine	0	0	0	0
DB00740	Riluzole	0	0	0	0
DB00478	Rimantadine	0	0	0	0
DB00896	Rimexolone	0	0	2	2.964e-05
DB00884	Risedronate	0	0	0	0
DB00734	Risperidone	0	0	4	0.0002852
DB00503	Ritonavir	0	0	1	5.199e-06
DB06228	Rivaroxaban	0	0	0	0
DB00953	Rizatriptan	0	0	1	0.0001113
DB00728	Rocuronium	0	0	0	0
DB01656	Roflumilast	0	0	0	0
DB01301	Rolitetracycline	0	0	0	0
DB00268	Ropinirole	0	0	4	0.0003458
DB00817	Rosoxacin	0	0	0	0
DB05271	Rotigotine	0	0	1	0.0001073
DB08806	Roxatidine acetate	0	0	0	0
DB00778	Roxithromycin	0	0	0	0
DB06201	Rufinamide	0	0	1	5.695e-06
DB08877	Ruxolitinib	0	0	16	0.0002929
DB00118	S-Adenosylmethionine	0	0	1	7.352e-06
DB06290	SIMEPREVIR	0	0	0	0
DB01001	Salbutamol	0	0	0	0
DB08797	Salicylamide	0	0	0	0
DB01398	Salicylate-sodium	0	0	0	0
DB00936	Salicylic acid	0	0	0	0
DB01399	Salsalate	0	0	0	0
DB01347	Saprisartan	0	0	0	0
DB01232	Saquinavir	0	0	0	0
DB06335	Saxagliptin	0	0	1	3.087e-05
DB00747	Scopolamine	0	0	0	0
DB00418	Secobarbital	0	0	0	0
DB01037	Selegiline	0	0	2	8.51e-05
DB00971	Selenium Sulfide	0	0	0	0
DB01153	Sertaconazole	0	0	0	0
DB06144	Sertindole	0	0	3	0.000197
DB00658	Sevelamer	0	0	0	0
DB01236	Sevoflurane	0	0	2	8.046e-05
DB01105	Sibutramine	0	0	0	0
DB00203	Sildenafil	0	0	1	5.35e-06
DB06207	Silodosin	0	0	0	0
DB05245	Silver sulfadiazine	0	0	0	0
DB06268	Sitaxentan	0	0	0	0
DB00464	Sodium Tetradecyl Sulfate	0	0	0	0
DB01390	Sodium bicarbonate	0	0	0	0
DB00815	Sodium lauryl sulfate	0	0	0	0
DB05630	Sodium stibogluconate	0	0	0	0
DB08934	Sofosbuvir	0	0	0	0
DB01591	Solifenacin	0	0	0	0
DB00489	Sotalol	0	0	0	0
DB08835	Spaglumic Acid	0	0	0	0
DB01208	Sparfloxacin	0	0	0	0
DB00919	Spectinomycin	0	0	0	0
DB00127	Spermine	0	0	0	0
DB08823	Spinosad	0	0	0	0
DB01348	Spirapril	0	0	0	0
DB00421	Spironolactone	0	0	5	2.484e-05
DB06718	Stanozolol	0	0	3	4.046e-05
DB00649	Stavudine	0	0	0	0
DB01423	Stepronin	0	0	0	0
DB01082	Streptomycin	0	0	0	0
DB00428	Streptozocin	0	0	1	9.864e-06
DB00566	Succimer	0	0	0	0
DB00139	Succinic acid	0	0	0	0
DB00202	Succinylcholine	0	0	0	0
DB00364	Sucralfate	0	0	3	0.0006013
DB00708	Sufentanil	0	0	0	0
DB00634	Sulfacetamide	0	0	0	0
DB01298	Sulfacytine	0	0	0	0
DB00359	Sulfadiazine	0	0	1	1.103e-05
DB06150	Sulfadimethoxine	0	0	0	0
DB01299	Sulfadoxine	0	0	0	0
DB01581	Sulfamerazine	0	0	0	0
DB01582	Sulfamethazine	0	0	0	0
DB00576	Sulfamethizole	0	0	0	0
DB01015	Sulfamethoxazole	0	0	0	0
DB00664	Sulfametopyrazine	0	0	0	0
DB08798	Sulfamoxole	0	0	0	0
DB00259	Sulfanilamide	0	0	1	6.975e-06
DB06729	Sulfaphenazole	0	0	0	0
DB00891	Sulfapyridine	0	0	0	0
DB00795	Sulfasalazine	0	0	4	3.307e-05
DB06147	Sulfathiazole	0	0	0	0
DB00263	Sulfisoxazole	0	0	0	0
DB01145	Sulfoxone	0	0	0	0
DB00605	Sulindac	0	0	1	3.103e-05
DB00391	Sulpiride	0	0	1	0.0001282
DB00669	Sumatriptan	0	0	1	8.223e-05
DB00870	Suprofen	0	0	0	0
DB04786	Suramin	0	0	4	0.001093
DB00820	Tadalafil	0	0	0	0
DB08819	Tafluprost	0	0	0	0
DB00306	Talbutal	0	0	0	0
DB00706	Tamsulosin	0	0	1	0.0001023
DB06204	Tapentadol	0	0	0	0
DB01349	Tasosartan	0	0	0	0
DB08834	Tauroursodeoxycholic acid	0	0	0	0
DB00799	Tazarotene	0	0	2	6.258e-05
DB01606	Tazobactam	0	0	0	0
DB05521	Telaprevir	0	0	1	9.863e-05
DB06402	Telavancin	0	0	0	0
DB01265	Telbivudine	0	0	0	0
DB00976	Telithromycin	0	0	0	0
DB00966	Telmisartan	0	0	1	1.195e-05
DB00231	Temazepam	0	0	0	0
DB00300	Tenofovir	0	0	0	0
DB00469	Tenoxicam	0	0	0	0
DB01162	Terazosin	0	0	0	0
DB00871	Terbutaline	0	0	0	0
DB00251	Terconazole	0	0	0	0
DB02638	Terlipressin	0	0	0	0
DB00894	Testolactone	0	0	0	0
DB00759	Tetracycline	0	0	1	4.088e-05
DB00360	Tetrahydrobiopterin	0	0	2	3.56e-05
DB00116	Tetrahydrofolic acid	0	0	1	7.469e-05
DB01412	Theobromine	0	0	1	9.864e-06
DB00277	Theophylline	0	0	1	4.813e-06
DB00152	Thiamine	0	0	0	0
DB01154	Thiamylal	0	0	1	3.042e-05
DB00599	Thiopental	0	0	1	5.514e-06
DB01622	Thioproperazine	0	0	1	7.755e-05
DB00906	Tiagabine	0	0	0	0
DB01600	Tiaprofenic acid	0	0	0	0
DB08816	Ticagrelor	0	0	0	0
DB01607	Ticarcillin	0	0	0	0
DB00208	Ticlopidine	0	0	1	6.651e-06
DB00560	Tigecycline	0	0	0	0
DB01133	Tiludronate	0	0	1	2.802e-05
DB00373	Timolol	0	0	0	0
DB00911	Tinidazole	0	0	0	0
DB01007	Tioconazole	0	0	1	7.352e-06
DB00352	Tioguanine	0	0	1	1.604e-05
DB01409	Tiotropium	0	0	0	0
DB00932	Tipranavir	0	0	0	0
DB00775	Tirofiban	0	0	0	0
DB00697	Tizanidine	0	0	0	0
DB00684	Tobramycin	0	0	0	0
DB01056	Tocainide	0	0	0	0
DB08811	Tofisopam	0	0	0	0
DB00839	Tolazamide	0	0	1	7.656e-05
DB00797	Tolazoline	0	0	0	0
DB01124	Tolbutamide	0	0	1	3.828e-05
DB00323	Tolcapone	0	0	0	0
DB00500	Tolmetin	0	0	0	0
DB00525	Tolnaftate	0	0	0	0
DB01036	Tolterodine	0	0	0	0
DB06212	Tolvaptan	0	0	0	0
DB00273	Topiramate	0	0	0	0
DB00214	Torasemide	0	0	0	0
DB05109	Trabectedin	0	0	7	0.0001078
DB00519	Trandolapril	0	0	0	0
DB00302	Tranexamic Acid	0	0	0	0
DB00752	Tranylcypromine	0	0	2	9.827e-05
DB00287	Travoprost	0	0	0	0
DB00656	Trazodone	0	0	3	0.0002806
DB00384	Triamterene	0	0	1	0.0003018
DB00897	Triazolam	0	0	0	0
DB01021	Trichlormethiazide	0	0	3	4.911e-05
DB00376	Trihexyphenidyl	0	0	0	0
DB01108	Trilostane	0	0	7	2.098e-05
DB00347	Trimethadione	0	0	1	9.005e-06
DB01116	Trimethaphan	0	0	0	0
DB00662	Trimethobenzamide	0	0	0	0
DB00440	Trimethoprim	0	0	0	0
DB01157	Trimetrexate	0	0	0	0
DB00726	Trimipramine	0	0	2	0.0001243
DB04571	Trioxsalen	0	0	0	0
DB00792	Tripelennamine	0	0	0	0
DB01401	Trisalicylate-choline	0	0	0	0
DB01361	Troleandomycin	0	0	0	0
DB00809	Tropicamide	0	0	0	0
DB00209	Trospium	0	0	0	0
DB00685	Trovafloxacin	0	0	0	0
DB06439	Tyloxapol	0	0	0	0
DB08803	Tymazoline	0	0	0	0
DB06267	Udenafil	0	0	0	0
DB00791	Uracil mustard	0	0	0	0
DB01586	Ursodeoxycholic acid	0	0	1	7.352e-06
DB00577	Valaciclovir	0	0	0	0
DB01610	Valganciclovir	0	0	0	0
DB00313	Valproic Acid	0	0	0	0
DB00385	Valrubicin	0	0	0	0
DB00177	Valsartan	0	0	0	0
DB00512	Vancomycin	0	0	0	0
DB05294	Vandetanib	0	0	21	0.0002956
DB04894	Vapreotide	0	0	0	0
DB00862	Vardenafil	0	0	0	0
DB01339	Vecuronium	0	0	0	0
DB00285	Venlafaxine	0	0	0	0
DB00661	Verapamil	0	0	1	2.071e-05
DB00460	Verteporfin	0	0	0	0
DB01080	Vigabatrin	0	0	0	0
DB06684	Vilazodone	0	0	0	0
DB04876	Vildagliptin	0	0	1	6.174e-05
DB06827	Viomycin	0	0	0	0
DB08828	Vismodegib	0	0	0	0
DB00126	Vitamin C	0	0	0	0
DB00163	Vitamin E	0	0	5	0.0001244
DB04877	Voacamine	0	0	0	0
DB04878	Voglibose	0	0	0	0
DB00582	Voriconazole	0	0	0	0
DB05389	WF10	0	0	1	0.0004322
DB00682	Warfarin	0	0	1	3.658e-05
DB00137	Xanthophyll	0	0	0	0
DB04898	Ximelagatran	0	0	0	0
DB06694	Xylometazoline	0	0	0	0
DB01392	Yohimbine	0	0	4	0.0003458
DB00549	Zafirlukast	0	0	1	6.651e-06
DB00943	Zalcitabine	0	0	0	0
DB00962	Zaleplon	0	0	0	0
DB00558	Zanamivir	0	0	0	0
DB00495	Zidovudine	0	0	1	1.134e-05
DB00744	Zileuton	0	0	0	0
DB01593	Zinc	0	0	0	0
DB00246	Ziprasidone	0	0	3	0.0001511
DB00399	Zoledronate	0	0	0	0
DB00315	Zolmitriptan	0	0	1	0.0001113
DB00425	Zolpidem	0	0	0	0
DB00909	Zonisamide	0	0	4	0.002521
DB01198	Zopiclone	0	0	1	5.895e-06
DB01624	Zuclopenthixol	0	0	1	7.311e-05
